Method,Package,Start in line,End in line,
onBind,/home/thiago/ProjetosUnb/MMAndroid/src/br/unb/mobileMedia/videoplayer/core/video/VideoPlayerService.java,12,21,
getInterfaceDescriptor,/home/thiago/ProjetosUnb/MMAndroid/src/br/unb/mobileMedia/videoplayer/core/video/VideoPlayerService.java,28,31,
VideoFileArrayAdapter,/home/thiago/ProjetosUnb/MMAndroid/src/br/unb/mobileMedia/videoplayer/view/video/VideoFileArrayAdapter.java,19,26,
getView,/home/thiago/ProjetosUnb/MMAndroid/src/br/unb/mobileMedia/videoplayer/view/video/VideoFileArrayAdapter.java,28,41,
onCreate,/home/thiago/ProjetosUnb/MMAndroid/src/br/unb/mobileMedia/videoplayer/view/video/VideoSelectionActivity.java,31,36,
configureActivity,/home/thiago/ProjetosUnb/MMAndroid/src/br/unb/mobileMedia/videoplayer/view/video/VideoSelectionActivity.java,38,41,
startPlayerService,/home/thiago/ProjetosUnb/MMAndroid/src/br/unb/mobileMedia/videoplayer/view/video/VideoSelectionActivity.java,43,48,
configureService,/home/thiago/ProjetosUnb/MMAndroid/src/br/unb/mobileMedia/videoplayer/view/video/VideoSelectionActivity.java,50,62,
onServiceDisconnected,/home/thiago/ProjetosUnb/MMAndroid/src/br/unb/mobileMedia/videoplayer/view/video/VideoSelectionActivity.java,55,57,
onServiceConnected,/home/thiago/ProjetosUnb/MMAndroid/src/br/unb/mobileMedia/videoplayer/view/video/VideoSelectionActivity.java,58,60,
configureUI,/home/thiago/ProjetosUnb/MMAndroid/src/br/unb/mobileMedia/videoplayer/view/video/VideoSelectionActivity.java,64,135,
onClick,/home/thiago/ProjetosUnb/MMAndroid/src/br/unb/mobileMedia/videoplayer/view/video/VideoSelectionActivity.java,72,101,
onClick,/home/thiago/ProjetosUnb/MMAndroid/src/br/unb/mobileMedia/videoplayer/view/video/VideoSelectionActivity.java,105,115,
onClick,/home/thiago/ProjetosUnb/MMAndroid/src/br/unb/mobileMedia/videoplayer/view/video/VideoSelectionActivity.java,119,130,
onDestroy,/home/thiago/ProjetosUnb/MMAndroid/src/br/unb/mobileMedia/videoplayer/view/video/VideoSelectionActivity.java,137,147,
onCreate,/home/thiago/ProjetosUnb/MMAndroid/src/br/unb/mobileMedia/videoplayer/view/video/VideoListActivity.java,27,37,
configureUI,/home/thiago/ProjetosUnb/MMAndroid/src/br/unb/mobileMedia/videoplayer/view/video/VideoListActivity.java,39,57,
onItemClick,/home/thiago/ProjetosUnb/MMAndroid/src/br/unb/mobileMedia/videoplayer/view/video/VideoListActivity.java,48,54,
onCreateView,/home/thiago/ProjetosUnb/MMAndroid/src/br/unb/mobileMedia/ContentFragment.java,11,17,
NavDrawerListAdapter,/home/thiago/ProjetosUnb/MMAndroid/src/br/unb/mobileMedia/NavDrawerListAdapter.java,19,22,
getCount,/home/thiago/ProjetosUnb/MMAndroid/src/br/unb/mobileMedia/NavDrawerListAdapter.java,24,26,
getItem,/home/thiago/ProjetosUnb/MMAndroid/src/br/unb/mobileMedia/NavDrawerListAdapter.java,28,30,
getItemId,/home/thiago/ProjetosUnb/MMAndroid/src/br/unb/mobileMedia/NavDrawerListAdapter.java,32,34,
getView,/home/thiago/ProjetosUnb/MMAndroid/src/br/unb/mobileMedia/NavDrawerListAdapter.java,43,78,
clear,/home/thiago/ProjetosUnb/MMAndroid/src/br/unb/mobileMedia/NavDrawerListAdapter.java,82,84,
swapItems,/home/thiago/ProjetosUnb/MMAndroid/src/br/unb/mobileMedia/NavDrawerListAdapter.java,86,89,
onCreate,/home/thiago/ProjetosUnb/MMAndroid/src/br/unb/mobileMedia/ExampleFragment.java,10,13,
onCreateView,/home/thiago/ProjetosUnb/MMAndroid/src/br/unb/mobileMedia/ExampleFragment.java,15,21,
onActivityCreated,/home/thiago/ProjetosUnb/MMAndroid/src/br/unb/mobileMedia/ExampleFragment.java,24,28,
onItemClicked,/home/thiago/ProjetosUnb/MMAndroid/src/br/unb/mobileMedia/OnItemClickedCallBack.java,4,4,
Instance,/home/thiago/ProjetosUnb/MMAndroid/src/br/unb/mobileMedia/util/LoadImageCache.java,27,33,
LoadImageCache,/home/thiago/ProjetosUnb/MMAndroid/src/br/unb/mobileMedia/util/LoadImageCache.java,37,58,
sizeOf,/home/thiago/ProjetosUnb/MMAndroid/src/br/unb/mobileMedia/util/LoadImageCache.java,50,55,
loadBitmap,/home/thiago/ProjetosUnb/MMAndroid/src/br/unb/mobileMedia/util/LoadImageCache.java,63,98,
addBitmapToMemoryCache,/home/thiago/ProjetosUnb/MMAndroid/src/br/unb/mobileMedia/util/LoadImageCache.java,103,117,
getBitmapFromMemCache,/home/thiago/ProjetosUnb/MMAndroid/src/br/unb/mobileMedia/util/LoadImageCache.java,121,125,
bitmapToBytes,/home/thiago/ProjetosUnb/MMAndroid/src/br/unb/mobileMedia/util/LoadImageCache.java,128,139,
calculateInSampleSize,/home/thiago/ProjetosUnb/MMAndroid/src/br/unb/mobileMedia/util/LoadImageCache.java,143,166,
decodeSampledBitmapFromByte,/home/thiago/ProjetosUnb/MMAndroid/src/br/unb/mobileMedia/util/LoadImageCache.java,169,183,
decodeSampledBitmapFromResource,/home/thiago/ProjetosUnb/MMAndroid/src/br/unb/mobileMedia/util/LoadImageCache.java,188,204,
BitmapWorkerTask,/home/thiago/ProjetosUnb/MMAndroid/src/br/unb/mobileMedia/util/LoadImageCache.java,215,218,
doInBackground,/home/thiago/ProjetosUnb/MMAndroid/src/br/unb/mobileMedia/util/LoadImageCache.java,220,229,
onPostExecute,/home/thiago/ProjetosUnb/MMAndroid/src/br/unb/mobileMedia/util/LoadImageCache.java,232,244,
AsyncDrawable,/home/thiago/ProjetosUnb/MMAndroid/src/br/unb/mobileMedia/util/LoadImageCache.java,260,263,
getBitmapWorkerTask,/home/thiago/ProjetosUnb/MMAndroid/src/br/unb/mobileMedia/util/LoadImageCache.java,265,267,
cancelPotentialWork,/home/thiago/ProjetosUnb/MMAndroid/src/br/unb/mobileMedia/util/LoadImageCache.java,275,293,
getBitmapWorkerTask,/home/thiago/ProjetosUnb/MMAndroid/src/br/unb/mobileMedia/util/LoadImageCache.java,296,306,
getAudio,/home/thiago/ProjetosUnb/MMAndroid/src/br/unb/mobileMedia/util/AudioToParcelable.java,12,14,
AudioToParcelable,/home/thiago/ProjetosUnb/MMAndroid/src/br/unb/mobileMedia/util/AudioToParcelable.java,16,19,
AudioToParcelable,/home/thiago/ProjetosUnb/MMAndroid/src/br/unb/mobileMedia/util/AudioToParcelable.java,22,27,
describeContents,/home/thiago/ProjetosUnb/MMAndroid/src/br/unb/mobileMedia/util/AudioToParcelable.java,30,33,
writeToParcel,/home/thiago/ProjetosUnb/MMAndroid/src/br/unb/mobileMedia/util/AudioToParcelable.java,35,40,
EndlessScrollListener,/home/thiago/ProjetosUnb/MMAndroid/src/br/unb/mobileMedia/util/EndlessScrollListener.java,15,17,
EndlessScrollListener,/home/thiago/ProjetosUnb/MMAndroid/src/br/unb/mobileMedia/util/EndlessScrollListener.java,19,23,
onScroll,/home/thiago/ProjetosUnb/MMAndroid/src/br/unb/mobileMedia/util/EndlessScrollListener.java,27,51,
onScrollStateChanged,/home/thiago/ProjetosUnb/MMAndroid/src/br/unb/mobileMedia/util/EndlessScrollListener.java,54,54,
onLoadMore,/home/thiago/ProjetosUnb/MMAndroid/src/br/unb/mobileMedia/util/EndlessScrollListener.java,56,56,
ListAllFiles,/home/thiago/ProjetosUnb/MMAndroid/src/br/unb/mobileMedia/util/ListAllFiles.java,23,25,
getAllMusic,/home/thiago/ProjetosUnb/MMAndroid/src/br/unb/mobileMedia/util/ListAllFiles.java,29,54,
listAllDirs,/home/thiago/ProjetosUnb/MMAndroid/src/br/unb/mobileMedia/util/ListAllFiles.java,57,85,
listFiles,/home/thiago/ProjetosUnb/MMAndroid/src/br/unb/mobileMedia/util/FileUtility.java,14,41,
MultiChoiceMode,/home/thiago/ProjetosUnb/MMAndroid/src/br/unb/mobileMedia/util/MultiChoiceMode.java,14,19,
onCreateActionMode,/home/thiago/ProjetosUnb/MMAndroid/src/br/unb/mobileMedia/util/MultiChoiceMode.java,21,24,
onPrepareActionMode,/home/thiago/ProjetosUnb/MMAndroid/src/br/unb/mobileMedia/util/MultiChoiceMode.java,26,29,
onActionItemClicked,/home/thiago/ProjetosUnb/MMAndroid/src/br/unb/mobileMedia/util/MultiChoiceMode.java,31,43,
onDestroyActionMode,/home/thiago/ProjetosUnb/MMAndroid/src/br/unb/mobileMedia/util/MultiChoiceMode.java,45,46,
onItemCheckedStateChanged,/home/thiago/ProjetosUnb/MMAndroid/src/br/unb/mobileMedia/util/MultiChoiceMode.java,48,60,
onChooseMore,/home/thiago/ProjetosUnb/MMAndroid/src/br/unb/mobileMedia/util/MultiChoiceMode.java,63,63,
removeItems,/home/thiago/ProjetosUnb/MMAndroid/src/br/unb/mobileMedia/util/MultiChoiceMode.java,65,65,
saveItems,/home/thiago/ProjetosUnb/MMAndroid/src/br/unb/mobileMedia/util/MultiChoiceMode.java,67,67,
AudioPlayerList,/home/thiago/ProjetosUnb/MMAndroid/src/br/unb/mobileMedia/core/audioPlayer/AudioPlayerList.java,28,29,
AudioPlayerList,/home/thiago/ProjetosUnb/MMAndroid/src/br/unb/mobileMedia/core/audioPlayer/AudioPlayerList.java,31,43,
AudioPlayerList,/home/thiago/ProjetosUnb/MMAndroid/src/br/unb/mobileMedia/core/audioPlayer/AudioPlayerList.java,45,58,
getInstance,/home/thiago/ProjetosUnb/MMAndroid/src/br/unb/mobileMedia/core/audioPlayer/AudioPlayerList.java,60,70,
getInstance,/home/thiago/ProjetosUnb/MMAndroid/src/br/unb/mobileMedia/core/audioPlayer/AudioPlayerList.java,72,81,
play,/home/thiago/ProjetosUnb/MMAndroid/src/br/unb/mobileMedia/core/audioPlayer/AudioPlayerList.java,83,102,
onCompletion,/home/thiago/ProjetosUnb/MMAndroid/src/br/unb/mobileMedia/core/audioPlayer/AudioPlayerList.java,104,119,
isRepeat,/home/thiago/ProjetosUnb/MMAndroid/src/br/unb/mobileMedia/core/audioPlayer/AudioPlayerList.java,121,123,
setRepeat,/home/thiago/ProjetosUnb/MMAndroid/src/br/unb/mobileMedia/core/audioPlayer/AudioPlayerList.java,125,127,
isShuffle,/home/thiago/ProjetosUnb/MMAndroid/src/br/unb/mobileMedia/core/audioPlayer/AudioPlayerList.java,129,131,
setShuffle,/home/thiago/ProjetosUnb/MMAndroid/src/br/unb/mobileMedia/core/audioPlayer/AudioPlayerList.java,133,135,
stop,/home/thiago/ProjetosUnb/MMAndroid/src/br/unb/mobileMedia/core/audioPlayer/AudioPlayerList.java,137,143,
killPLaylist,/home/thiago/ProjetosUnb/MMAndroid/src/br/unb/mobileMedia/core/audioPlayer/AudioPlayerList.java,145,147,
newPlaylist,/home/thiago/ProjetosUnb/MMAndroid/src/br/unb/mobileMedia/core/audioPlayer/AudioPlayerList.java,149,151,
playPause,/home/thiago/ProjetosUnb/MMAndroid/src/br/unb/mobileMedia/core/audioPlayer/AudioPlayerList.java,153,159,
nextTrack,/home/thiago/ProjetosUnb/MMAndroid/src/br/unb/mobileMedia/core/audioPlayer/AudioPlayerList.java,161,173,
previousTrack,/home/thiago/ProjetosUnb/MMAndroid/src/br/unb/mobileMedia/core/audioPlayer/AudioPlayerList.java,175,188,
reset,/home/thiago/ProjetosUnb/MMAndroid/src/br/unb/mobileMedia/core/audioPlayer/AudioPlayerList.java,190,192,
addMusic,/home/thiago/ProjetosUnb/MMAndroid/src/br/unb/mobileMedia/core/audioPlayer/AudioPlayerList.java,194,196,
getTitleSong,/home/thiago/ProjetosUnb/MMAndroid/src/br/unb/mobileMedia/core/audioPlayer/AudioPlayerList.java,198,204,
getDuration,/home/thiago/ProjetosUnb/MMAndroid/src/br/unb/mobileMedia/core/audioPlayer/AudioPlayerList.java,206,208,
getCurrentPosition,/home/thiago/ProjetosUnb/MMAndroid/src/br/unb/mobileMedia/core/audioPlayer/AudioPlayerList.java,210,212,
seekTo,/home/thiago/ProjetosUnb/MMAndroid/src/br/unb/mobileMedia/core/audioPlayer/AudioPlayerList.java,214,216,
isPlaying,/home/thiago/ProjetosUnb/MMAndroid/src/br/unb/mobileMedia/core/audioPlayer/AudioPlayerList.java,218,220,
sizeOfAudioList,/home/thiago/ProjetosUnb/MMAndroid/src/br/unb/mobileMedia/core/audioPlayer/AudioPlayerList.java,222,227,
random,/home/thiago/ProjetosUnb/MMAndroid/src/br/unb/mobileMedia/core/audioPlayer/AudioPlayerList.java,229,234,
getAlbumArt,/home/thiago/ProjetosUnb/MMAndroid/src/br/unb/mobileMedia/core/audioPlayer/AudioPlayerList.java,237,246,
getAuthor,/home/thiago/ProjetosUnb/MMAndroid/src/br/unb/mobileMedia/core/audioPlayer/AudioPlayerList.java,249,251,
getAlbum,/home/thiago/ProjetosUnb/MMAndroid/src/br/unb/mobileMedia/core/audioPlayer/AudioPlayerList.java,253,255,
getGenre,/home/thiago/ProjetosUnb/MMAndroid/src/br/unb/mobileMedia/core/audioPlayer/AudioPlayerList.java,258,260,
DefaultMediaDao,/home/thiago/ProjetosUnb/MMAndroid/src/br/unb/mobileMedia/core/db/DefaultMediaDao.java,20,24,
endDb,/home/thiago/ProjetosUnb/MMAndroid/src/br/unb/mobileMedia/core/db/DefaultMediaDao.java,27,36,
saveAudio,/home/thiago/ProjetosUnb/MMAndroid/src/br/unb/mobileMedia/core/db/DefaultMediaDao.java,38,64,
listAudioById,/home/thiago/ProjetosUnb/MMAndroid/src/br/unb/mobileMedia/core/db/DefaultMediaDao.java,67,95,
listAudioByTitle,/home/thiago/ProjetosUnb/MMAndroid/src/br/unb/mobileMedia/core/db/DefaultMediaDao.java,97,111,
listAudioByPath,/home/thiago/ProjetosUnb/MMAndroid/src/br/unb/mobileMedia/core/db/DefaultMediaDao.java,113,116,
listAudioByAlbum,/home/thiago/ProjetosUnb/MMAndroid/src/br/unb/mobileMedia/core/db/DefaultMediaDao.java,118,146,
listAllAudio,/home/thiago/ProjetosUnb/MMAndroid/src/br/unb/mobileMedia/core/db/DefaultMediaDao.java,149,179,
countAudios,/home/thiago/ProjetosUnb/MMAndroid/src/br/unb/mobileMedia/core/db/DefaultMediaDao.java,181,210,
listAllAudioPaginated,/home/thiago/ProjetosUnb/MMAndroid/src/br/unb/mobileMedia/core/db/DefaultMediaDao.java,212,244,
updateAudio,/home/thiago/ProjetosUnb/MMAndroid/src/br/unb/mobileMedia/core/db/DefaultMediaDao.java,248,266,
deleteAudio,/home/thiago/ProjetosUnb/MMAndroid/src/br/unb/mobileMedia/core/db/DefaultMediaDao.java,268,286,
cursorToAudio,/home/thiago/ProjetosUnb/MMAndroid/src/br/unb/mobileMedia/core/db/DefaultMediaDao.java,291,298,
DefaultAlbumDao,/home/thiago/ProjetosUnb/MMAndroid/src/br/unb/mobileMedia/core/db/DefaultAlbumDao.java,21,25,
endDb,/home/thiago/ProjetosUnb/MMAndroid/src/br/unb/mobileMedia/core/db/DefaultAlbumDao.java,27,36,
saveAlbum,/home/thiago/ProjetosUnb/MMAndroid/src/br/unb/mobileMedia/core/db/DefaultAlbumDao.java,38,68,
listAlbumsByAuthor,/home/thiago/ProjetosUnb/MMAndroid/src/br/unb/mobileMedia/core/db/DefaultAlbumDao.java,73,101,
listAlbums,/home/thiago/ProjetosUnb/MMAndroid/src/br/unb/mobileMedia/core/db/DefaultAlbumDao.java,108,139,
findByName,/home/thiago/ProjetosUnb/MMAndroid/src/br/unb/mobileMedia/core/db/DefaultAlbumDao.java,141,166,
listAllProductionOfAlbum,/home/thiago/ProjetosUnb/MMAndroid/src/br/unb/mobileMedia/core/db/DefaultAlbumDao.java,168,196,
countAlbum,/home/thiago/ProjetosUnb/MMAndroid/src/br/unb/mobileMedia/core/db/DefaultAlbumDao.java,198,227,
cursorToAlbum,/home/thiago/ProjetosUnb/MMAndroid/src/br/unb/mobileMedia/core/db/DefaultAlbumDao.java,232,245,
cursorToAudio,/home/thiago/ProjetosUnb/MMAndroid/src/br/unb/mobileMedia/core/db/DefaultAlbumDao.java,252,263,
newPlaylist,/home/thiago/ProjetosUnb/MMAndroid/src/br/unb/mobileMedia/core/db/IPlaylistDao.java,10,16,
addToPlaylist,/home/thiago/ProjetosUnb/MMAndroid/src/br/unb/mobileMedia/core/db/IPlaylistDao.java,18,24,
listPlaylists,/home/thiago/ProjetosUnb/MMAndroid/src/br/unb/mobileMedia/core/db/IPlaylistDao.java,26,31,
countPlaylists,/home/thiago/ProjetosUnb/MMAndroid/src/br/unb/mobileMedia/core/db/IPlaylistDao.java,35,40,
getPlaylistById,/home/thiago/ProjetosUnb/MMAndroid/src/br/unb/mobileMedia/core/db/IPlaylistDao.java,44,50,
getPlaylistByName,/home/thiago/ProjetosUnb/MMAndroid/src/br/unb/mobileMedia/core/db/IPlaylistDao.java,52,58,
deletePlaylist,/home/thiago/ProjetosUnb/MMAndroid/src/br/unb/mobileMedia/core/db/IPlaylistDao.java,62,67,
editPlaylist,/home/thiago/ProjetosUnb/MMAndroid/src/br/unb/mobileMedia/core/db/IPlaylistDao.java,69,75,
addPositionPlaylist,/home/thiago/ProjetosUnb/MMAndroid/src/br/unb/mobileMedia/core/db/IPlaylistDao.java,77,84,
getMusicFromPlaylist,/home/thiago/ProjetosUnb/MMAndroid/src/br/unb/mobileMedia/core/db/IPlaylistDao.java,89,94,
factory,/home/thiago/ProjetosUnb/MMAndroid/src/br/unb/mobileMedia/core/db/DBFactory.java,16,18,
DBFactory,/home/thiago/ProjetosUnb/MMAndroid/src/br/unb/mobileMedia/core/db/DBFactory.java,20,26,
createAuthorDao,/home/thiago/ProjetosUnb/MMAndroid/src/br/unb/mobileMedia/core/db/DBFactory.java,30,33,
createAlbumDao,/home/thiago/ProjetosUnb/MMAndroid/src/br/unb/mobileMedia/core/db/DBFactory.java,36,40,
createAudioDao,/home/thiago/ProjetosUnb/MMAndroid/src/br/unb/mobileMedia/core/db/DBFactory.java,43,46,
createPlaylistDao,/home/thiago/ProjetosUnb/MMAndroid/src/br/unb/mobileMedia/core/db/DBFactory.java,49,52,
createPlaylistMediaDao,/home/thiago/ProjetosUnb/MMAndroid/src/br/unb/mobileMedia/core/db/DBFactory.java,56,59,
DBException,/home/thiago/ProjetosUnb/MMAndroid/src/br/unb/mobileMedia/core/db/DBException.java,13,15,
getMessage,/home/thiago/ProjetosUnb/MMAndroid/src/br/unb/mobileMedia/core/db/DBException.java,17,19,
DBHelper,/home/thiago/ProjetosUnb/MMAndroid/src/br/unb/mobileMedia/core/db/DBHelper.java,12,14,
onCreate,/home/thiago/ProjetosUnb/MMAndroid/src/br/unb/mobileMedia/core/db/DBHelper.java,16,27,
onUpgrade,/home/thiago/ProjetosUnb/MMAndroid/src/br/unb/mobileMedia/core/db/DBHelper.java,29,40,
saveAlbum,/home/thiago/ProjetosUnb/MMAndroid/src/br/unb/mobileMedia/core/db/IAlbumDao.java,10,15,
listAlbumsByAuthor,/home/thiago/ProjetosUnb/MMAndroid/src/br/unb/mobileMedia/core/db/IAlbumDao.java,19,24,
listAllProductionOfAlbum,/home/thiago/ProjetosUnb/MMAndroid/src/br/unb/mobileMedia/core/db/IAlbumDao.java,28,33,
listAlbums,/home/thiago/ProjetosUnb/MMAndroid/src/br/unb/mobileMedia/core/db/IAlbumDao.java,36,41,
findByName,/home/thiago/ProjetosUnb/MMAndroid/src/br/unb/mobileMedia/core/db/IAlbumDao.java,45,51,
countAlbum,/home/thiago/ProjetosUnb/MMAndroid/src/br/unb/mobileMedia/core/db/IAlbumDao.java,56,61,
DefaultPlaylistDao,/home/thiago/ProjetosUnb/MMAndroid/src/br/unb/mobileMedia/core/db/DefaultPlaylistDao.java,22,26,
endDb,/home/thiago/ProjetosUnb/MMAndroid/src/br/unb/mobileMedia/core/db/DefaultPlaylistDao.java,29,38,
newPlaylist,/home/thiago/ProjetosUnb/MMAndroid/src/br/unb/mobileMedia/core/db/DefaultPlaylistDao.java,41,74,
addToPlaylist,/home/thiago/ProjetosUnb/MMAndroid/src/br/unb/mobileMedia/core/db/DefaultPlaylistDao.java,76,100,
listPlaylists,/home/thiago/ProjetosUnb/MMAndroid/src/br/unb/mobileMedia/core/db/DefaultPlaylistDao.java,102,129,
countPlaylists,/home/thiago/ProjetosUnb/MMAndroid/src/br/unb/mobileMedia/core/db/DefaultPlaylistDao.java,132,156,
getPlaylistById,/home/thiago/ProjetosUnb/MMAndroid/src/br/unb/mobileMedia/core/db/DefaultPlaylistDao.java,161,186,
getPlaylistByName,/home/thiago/ProjetosUnb/MMAndroid/src/br/unb/mobileMedia/core/db/DefaultPlaylistDao.java,188,205,
deletePlaylist,/home/thiago/ProjetosUnb/MMAndroid/src/br/unb/mobileMedia/core/db/DefaultPlaylistDao.java,210,225,
editPlaylist,/home/thiago/ProjetosUnb/MMAndroid/src/br/unb/mobileMedia/core/db/DefaultPlaylistDao.java,228,232,
addPositionPlaylist,/home/thiago/ProjetosUnb/MMAndroid/src/br/unb/mobileMedia/core/db/DefaultPlaylistDao.java,234,238,
getMusicFromPlaylist,/home/thiago/ProjetosUnb/MMAndroid/src/br/unb/mobileMedia/core/db/DefaultPlaylistDao.java,241,246,
cursorToPlaylist,/home/thiago/ProjetosUnb/MMAndroid/src/br/unb/mobileMedia/core/db/DefaultPlaylistDao.java,253,259,
DefaultPlaylistMediaDao,/home/thiago/ProjetosUnb/MMAndroid/src/br/unb/mobileMedia/core/db/DefaultPlaylistMediaDao.java,23,27,
endDb,/home/thiago/ProjetosUnb/MMAndroid/src/br/unb/mobileMedia/core/db/DefaultPlaylistMediaDao.java,29,38,
addMediaToPlaylist,/home/thiago/ProjetosUnb/MMAndroid/src/br/unb/mobileMedia/core/db/DefaultPlaylistMediaDao.java,41,73,
getPlaylistByMediaInPlaylist,/home/thiago/ProjetosUnb/MMAndroid/src/br/unb/mobileMedia/core/db/DefaultPlaylistMediaDao.java,75,79,
removeMediaFromPlaylist,/home/thiago/ProjetosUnb/MMAndroid/src/br/unb/mobileMedia/core/db/DefaultPlaylistMediaDao.java,81,85,
getMusicFromPlaylist,/home/thiago/ProjetosUnb/MMAndroid/src/br/unb/mobileMedia/core/db/DefaultPlaylistMediaDao.java,88,115,
cursorToPlaylistMedia,/home/thiago/ProjetosUnb/MMAndroid/src/br/unb/mobileMedia/core/db/DefaultPlaylistMediaDao.java,121,128,
DefaultDBFactory,/home/thiago/ProjetosUnb/MMAndroid/src/br/unb/mobileMedia/core/db/DefaultDBFactory.java,11,13,
createAudioDao,/home/thiago/ProjetosUnb/MMAndroid/src/br/unb/mobileMedia/core/db/DefaultDBFactory.java,16,19,
createPlaylistDao,/home/thiago/ProjetosUnb/MMAndroid/src/br/unb/mobileMedia/core/db/DefaultDBFactory.java,21,24,
createAuthorDao,/home/thiago/ProjetosUnb/MMAndroid/src/br/unb/mobileMedia/core/db/DefaultDBFactory.java,27,30,
createAlbumDao,/home/thiago/ProjetosUnb/MMAndroid/src/br/unb/mobileMedia/core/db/DefaultDBFactory.java,33,36,
createPlaylistMediaDao,/home/thiago/ProjetosUnb/MMAndroid/src/br/unb/mobileMedia/core/db/DefaultDBFactory.java,40,43,
saveAuthor,/home/thiago/ProjetosUnb/MMAndroid/src/br/unb/mobileMedia/core/db/IAuthorDao.java,11,16,
saveAuthorProduction,/home/thiago/ProjetosUnb/MMAndroid/src/br/unb/mobileMedia/core/db/IAuthorDao.java,18,23,
listAuthors,/home/thiago/ProjetosUnb/MMAndroid/src/br/unb/mobileMedia/core/db/IAuthorDao.java,25,30,
countAuthors,/home/thiago/ProjetosUnb/MMAndroid/src/br/unb/mobileMedia/core/db/IAuthorDao.java,33,38,
findByName,/home/thiago/ProjetosUnb/MMAndroid/src/br/unb/mobileMedia/core/db/IAuthorDao.java,41,47,
findAudioProductionByAuthorKey,/home/thiago/ProjetosUnb/MMAndroid/src/br/unb/mobileMedia/core/db/IAuthorDao.java,49,56,
listAllProduction,/home/thiago/ProjetosUnb/MMAndroid/src/br/unb/mobileMedia/core/db/IAuthorDao.java,58,63,
executionHistory,/home/thiago/ProjetosUnb/MMAndroid/src/br/unb/mobileMedia/core/db/IAuthorDao.java,65,75,
saveExecutionHistory,/home/thiago/ProjetosUnb/MMAndroid/src/br/unb/mobileMedia/core/db/IAuthorDao.java,77,83,
DefaultAuthorDao,/home/thiago/ProjetosUnb/MMAndroid/src/br/unb/mobileMedia/core/db/DefaultAuthorDao.java,24,28,
endDb,/home/thiago/ProjetosUnb/MMAndroid/src/br/unb/mobileMedia/core/db/DefaultAuthorDao.java,30,39,
saveAuthor,/home/thiago/ProjetosUnb/MMAndroid/src/br/unb/mobileMedia/core/db/DefaultAuthorDao.java,41,75,
listAuthors,/home/thiago/ProjetosUnb/MMAndroid/src/br/unb/mobileMedia/core/db/DefaultAuthorDao.java,77,108,
countAuthors,/home/thiago/ProjetosUnb/MMAndroid/src/br/unb/mobileMedia/core/db/DefaultAuthorDao.java,111,139,
findByName,/home/thiago/ProjetosUnb/MMAndroid/src/br/unb/mobileMedia/core/db/DefaultAuthorDao.java,142,168,
getAlbumByAuthor,/home/thiago/ProjetosUnb/MMAndroid/src/br/unb/mobileMedia/core/db/DefaultAuthorDao.java,172,198,
saveAuthorProduction,/home/thiago/ProjetosUnb/MMAndroid/src/br/unb/mobileMedia/core/db/DefaultAuthorDao.java,201,229,
findAudioProductionByAuthorKey,/home/thiago/ProjetosUnb/MMAndroid/src/br/unb/mobileMedia/core/db/DefaultAuthorDao.java,231,235,
listAllProduction,/home/thiago/ProjetosUnb/MMAndroid/src/br/unb/mobileMedia/core/db/DefaultAuthorDao.java,237,264,
executionHistory,/home/thiago/ProjetosUnb/MMAndroid/src/br/unb/mobileMedia/core/db/DefaultAuthorDao.java,266,270,
saveExecutionHistory,/home/thiago/ProjetosUnb/MMAndroid/src/br/unb/mobileMedia/core/db/DefaultAuthorDao.java,272,275,
cursorToAuthor,/home/thiago/ProjetosUnb/MMAndroid/src/br/unb/mobileMedia/core/db/DefaultAuthorDao.java,285,291,
cursorToAlbum,/home/thiago/ProjetosUnb/MMAndroid/src/br/unb/mobileMedia/core/db/DefaultAuthorDao.java,297,306,
saveAudio,/home/thiago/ProjetosUnb/MMAndroid/src/br/unb/mobileMedia/core/db/IMediaDao.java,9,14,
listAudioById,/home/thiago/ProjetosUnb/MMAndroid/src/br/unb/mobileMedia/core/db/IMediaDao.java,17,21,
listAudioByTitle,/home/thiago/ProjetosUnb/MMAndroid/src/br/unb/mobileMedia/core/db/IMediaDao.java,24,28,
listAudioByAlbum,/home/thiago/ProjetosUnb/MMAndroid/src/br/unb/mobileMedia/core/db/IMediaDao.java,31,35,
listAudioByPath,/home/thiago/ProjetosUnb/MMAndroid/src/br/unb/mobileMedia/core/db/IMediaDao.java,37,41,
listAllAudio,/home/thiago/ProjetosUnb/MMAndroid/src/br/unb/mobileMedia/core/db/IMediaDao.java,46,46,
countAudios,/home/thiago/ProjetosUnb/MMAndroid/src/br/unb/mobileMedia/core/db/IMediaDao.java,50,55,
updateAudio,/home/thiago/ProjetosUnb/MMAndroid/src/br/unb/mobileMedia/core/db/IMediaDao.java,57,62,
deleteAudio,/home/thiago/ProjetosUnb/MMAndroid/src/br/unb/mobileMedia/core/db/IMediaDao.java,65,70,
listAllAudioPaginated,/home/thiago/ProjetosUnb/MMAndroid/src/br/unb/mobileMedia/core/db/IMediaDao.java,73,73,
addMediaToPlaylist,/home/thiago/ProjetosUnb/MMAndroid/src/br/unb/mobileMedia/core/db/IPlaylistMediaDao.java,12,12,
getMusicFromPlaylist,/home/thiago/ProjetosUnb/MMAndroid/src/br/unb/mobileMedia/core/db/IPlaylistMediaDao.java,14,14,
getPlaylistByMediaInPlaylist,/home/thiago/ProjetosUnb/MMAndroid/src/br/unb/mobileMedia/core/db/IPlaylistMediaDao.java,16,16,
removeMediaFromPlaylist,/home/thiago/ProjetosUnb/MMAndroid/src/br/unb/mobileMedia/core/db/IPlaylistMediaDao.java,18,18,
FileArrayAdapter,/home/thiago/ProjetosUnb/MMAndroid/src/br/unb/mobileMedia/core/FileChooser/FileArrayAdapter.java,21,32,
getItem,/home/thiago/ProjetosUnb/MMAndroid/src/br/unb/mobileMedia/core/FileChooser/FileArrayAdapter.java,35,37,
getView,/home/thiago/ProjetosUnb/MMAndroid/src/br/unb/mobileMedia/core/FileChooser/FileArrayAdapter.java,40,67,
FileDetail,/home/thiago/ProjetosUnb/MMAndroid/src/br/unb/mobileMedia/core/FileChooser/FileDetail.java,10,15,
getIcon,/home/thiago/ProjetosUnb/MMAndroid/src/br/unb/mobileMedia/core/FileChooser/FileDetail.java,17,19,
setIcon,/home/thiago/ProjetosUnb/MMAndroid/src/br/unb/mobileMedia/core/FileChooser/FileDetail.java,21,23,
getName,/home/thiago/ProjetosUnb/MMAndroid/src/br/unb/mobileMedia/core/FileChooser/FileDetail.java,25,27,
setName,/home/thiago/ProjetosUnb/MMAndroid/src/br/unb/mobileMedia/core/FileChooser/FileDetail.java,29,31,
getData,/home/thiago/ProjetosUnb/MMAndroid/src/br/unb/mobileMedia/core/FileChooser/FileDetail.java,33,35,
setData,/home/thiago/ProjetosUnb/MMAndroid/src/br/unb/mobileMedia/core/FileChooser/FileDetail.java,37,39,
getPath,/home/thiago/ProjetosUnb/MMAndroid/src/br/unb/mobileMedia/core/FileChooser/FileDetail.java,41,43,
setPath,/home/thiago/ProjetosUnb/MMAndroid/src/br/unb/mobileMedia/core/FileChooser/FileDetail.java,45,47,
compareTo,/home/thiago/ProjetosUnb/MMAndroid/src/br/unb/mobileMedia/core/FileChooser/FileDetail.java,49,55,
onActivityCreated,/home/thiago/ProjetosUnb/MMAndroid/src/br/unb/mobileMedia/core/FileChooser/FileChooserFragment.java,33,45,
onCreateView,/home/thiago/ProjetosUnb/MMAndroid/src/br/unb/mobileMedia/core/FileChooser/FileChooserFragment.java,47,61,
onCreateOptionsMenu,/home/thiago/ProjetosUnb/MMAndroid/src/br/unb/mobileMedia/core/FileChooser/FileChooserFragment.java,63,67,
onOptionsItemSelected,/home/thiago/ProjetosUnb/MMAndroid/src/br/unb/mobileMedia/core/FileChooser/FileChooserFragment.java,69,87,
executePlayListSelected,/home/thiago/ProjetosUnb/MMAndroid/src/br/unb/mobileMedia/core/FileChooser/FileChooserFragment.java,89,103,
CreateUI,/home/thiago/ProjetosUnb/MMAndroid/src/br/unb/mobileMedia/core/FileChooser/FileChooserFragment.java,105,110,
listAllDirs,/home/thiago/ProjetosUnb/MMAndroid/src/br/unb/mobileMedia/core/FileChooser/FileChooserFragment.java,112,156,
getAllMusic,/home/thiago/ProjetosUnb/MMAndroid/src/br/unb/mobileMedia/core/FileChooser/FileChooserFragment.java,158,170,
onListItemClick,/home/thiago/ProjetosUnb/MMAndroid/src/br/unb/mobileMedia/core/FileChooser/FileChooserFragment.java,173,185,
onFileClick,/home/thiago/ProjetosUnb/MMAndroid/src/br/unb/mobileMedia/core/FileChooser/FileChooserFragment.java,189,193,
Manager,/home/thiago/ProjetosUnb/MMAndroid/src/br/unb/mobileMedia/core/manager/Manager.java,46,49,
instance,/home/thiago/ProjetosUnb/MMAndroid/src/br/unb/mobileMedia/core/manager/Manager.java,51,61,
synchronizeMedia,/home/thiago/ProjetosUnb/MMAndroid/src/br/unb/mobileMedia/core/manager/Manager.java,63,82,
sync_audio,/home/thiago/ProjetosUnb/MMAndroid/src/br/unb/mobileMedia/core/manager/Manager.java,95,141,
run,/home/thiago/ProjetosUnb/MMAndroid/src/br/unb/mobileMedia/core/manager/Manager.java,146,155,
saveAuthors,/home/thiago/ProjetosUnb/MMAndroid/src/br/unb/mobileMedia/core/manager/Manager.java,160,172,
saveAlbum,/home/thiago/ProjetosUnb/MMAndroid/src/br/unb/mobileMedia/core/manager/Manager.java,174,184,
saveAudios,/home/thiago/ProjetosUnb/MMAndroid/src/br/unb/mobileMedia/core/manager/Manager.java,186,191,
listProductionByAuthorPK,/home/thiago/ProjetosUnb/MMAndroid/src/br/unb/mobileMedia/core/manager/Manager.java,193,210,
listAuthors,/home/thiago/ProjetosUnb/MMAndroid/src/br/unb/mobileMedia/core/manager/Manager.java,212,226,
listAlbums,/home/thiago/ProjetosUnb/MMAndroid/src/br/unb/mobileMedia/core/manager/Manager.java,228,233,
listAllProduction,/home/thiago/ProjetosUnb/MMAndroid/src/br/unb/mobileMedia/core/manager/Manager.java,235,245,
listAllAudioPaginated,/home/thiago/ProjetosUnb/MMAndroid/src/br/unb/mobileMedia/core/manager/Manager.java,247,261,
listAllAudio,/home/thiago/ProjetosUnb/MMAndroid/src/br/unb/mobileMedia/core/manager/Manager.java,263,274,
countAuthors,/home/thiago/ProjetosUnb/MMAndroid/src/br/unb/mobileMedia/core/manager/Manager.java,276,292,
countAlbum,/home/thiago/ProjetosUnb/MMAndroid/src/br/unb/mobileMedia/core/manager/Manager.java,294,308,
countMedias,/home/thiago/ProjetosUnb/MMAndroid/src/br/unb/mobileMedia/core/manager/Manager.java,310,327,
listAudioById,/home/thiago/ProjetosUnb/MMAndroid/src/br/unb/mobileMedia/core/manager/Manager.java,331,342,
countPlaylists,/home/thiago/ProjetosUnb/MMAndroid/src/br/unb/mobileMedia/core/manager/Manager.java,345,358,
listAlbumsByAuthor,/home/thiago/ProjetosUnb/MMAndroid/src/br/unb/mobileMedia/core/manager/Manager.java,361,376,
listAudioByAlbum,/home/thiago/ProjetosUnb/MMAndroid/src/br/unb/mobileMedia/core/manager/Manager.java,378,389,
recently,/home/thiago/ProjetosUnb/MMAndroid/src/br/unb/mobileMedia/core/manager/Manager.java,391,418,
registerExecution,/home/thiago/ProjetosUnb/MMAndroid/src/br/unb/mobileMedia/core/manager/Manager.java,420,433,
topArtistsFromPeriod,/home/thiago/ProjetosUnb/MMAndroid/src/br/unb/mobileMedia/core/manager/Manager.java,435,469,
newPlaylist,/home/thiago/ProjetosUnb/MMAndroid/src/br/unb/mobileMedia/core/manager/Manager.java,471,490,
editPlaylist,/home/thiago/ProjetosUnb/MMAndroid/src/br/unb/mobileMedia/core/manager/Manager.java,492,508,
removePlaylist,/home/thiago/ProjetosUnb/MMAndroid/src/br/unb/mobileMedia/core/manager/Manager.java,510,540,
addPositionPlaylist,/home/thiago/ProjetosUnb/MMAndroid/src/br/unb/mobileMedia/core/manager/Manager.java,542,560,
getPlaylistById,/home/thiago/ProjetosUnb/MMAndroid/src/br/unb/mobileMedia/core/manager/Manager.java,562,579,
getPlaylistByName,/home/thiago/ProjetosUnb/MMAndroid/src/br/unb/mobileMedia/core/manager/Manager.java,581,599,
listPlaylists,/home/thiago/ProjetosUnb/MMAndroid/src/br/unb/mobileMedia/core/manager/Manager.java,603,617,
addMediaToPlaylist,/home/thiago/ProjetosUnb/MMAndroid/src/br/unb/mobileMedia/core/manager/Manager.java,621,643,
removeAllMediaFromPlaylist,/home/thiago/ProjetosUnb/MMAndroid/src/br/unb/mobileMedia/core/manager/Manager.java,645,679,
removeMediaFromPlaylist,/home/thiago/ProjetosUnb/MMAndroid/src/br/unb/mobileMedia/core/manager/Manager.java,681,716,
getMusicFromPlaylist,/home/thiago/ProjetosUnb/MMAndroid/src/br/unb/mobileMedia/core/manager/Manager.java,718,742,
getMusicFromPlaylistPaginate,/home/thiago/ProjetosUnb/MMAndroid/src/br/unb/mobileMedia/core/manager/Manager.java,744,766,
summarize,/home/thiago/ProjetosUnb/MMAndroid/src/br/unb/mobileMedia/core/manager/Manager.java,768,780,
SummaryOfExecutionHistoryComparator,/home/thiago/ProjetosUnb/MMAndroid/src/br/unb/mobileMedia/core/manager/Manager.java,789,791,
compare,/home/thiago/ProjetosUnb/MMAndroid/src/br/unb/mobileMedia/core/manager/Manager.java,793,798,
canPause,/home/thiago/ProjetosUnb/MMAndroid/src/br/unb/mobileMedia/core/manager/MediaPlayerControl.java,10,12,
canSeekBackward,/home/thiago/ProjetosUnb/MMAndroid/src/br/unb/mobileMedia/core/manager/MediaPlayerControl.java,14,16,
canSeekForward,/home/thiago/ProjetosUnb/MMAndroid/src/br/unb/mobileMedia/core/manager/MediaPlayerControl.java,18,20,
getBufferPercentage,/home/thiago/ProjetosUnb/MMAndroid/src/br/unb/mobileMedia/core/manager/MediaPlayerControl.java,22,24,
getCurrentPosition,/home/thiago/ProjetosUnb/MMAndroid/src/br/unb/mobileMedia/core/manager/MediaPlayerControl.java,26,28,
getDuration,/home/thiago/ProjetosUnb/MMAndroid/src/br/unb/mobileMedia/core/manager/MediaPlayerControl.java,30,32,
isPlaying,/home/thiago/ProjetosUnb/MMAndroid/src/br/unb/mobileMedia/core/manager/MediaPlayerControl.java,34,36,
pause,/home/thiago/ProjetosUnb/MMAndroid/src/br/unb/mobileMedia/core/manager/MediaPlayerControl.java,38,40,
seekTo,/home/thiago/ProjetosUnb/MMAndroid/src/br/unb/mobileMedia/core/manager/MediaPlayerControl.java,42,44,
start,/home/thiago/ProjetosUnb/MMAndroid/src/br/unb/mobileMedia/core/manager/MediaPlayerControl.java,46,48,
Preferences,/home/thiago/ProjetosUnb/MMAndroid/src/br/unb/mobileMedia/core/manager/Preferences.java,19,22,
SetSyncPreference,/home/thiago/ProjetosUnb/MMAndroid/src/br/unb/mobileMedia/core/manager/Preferences.java,25,36,
setTotalAudio,/home/thiago/ProjetosUnb/MMAndroid/src/br/unb/mobileMedia/core/manager/Preferences.java,39,43,
setTotalAlbum,/home/thiago/ProjetosUnb/MMAndroid/src/br/unb/mobileMedia/core/manager/Preferences.java,46,50,
setTotalAuthor,/home/thiago/ProjetosUnb/MMAndroid/src/br/unb/mobileMedia/core/manager/Preferences.java,53,57,
setTotalPlaylist,/home/thiago/ProjetosUnb/MMAndroid/src/br/unb/mobileMedia/core/manager/Preferences.java,59,63,
getIsSync,/home/thiago/ProjetosUnb/MMAndroid/src/br/unb/mobileMedia/core/manager/Preferences.java,65,67,
getTotalAuthor,/home/thiago/ProjetosUnb/MMAndroid/src/br/unb/mobileMedia/core/manager/Preferences.java,69,71,
getTotalAlbum,/home/thiago/ProjetosUnb/MMAndroid/src/br/unb/mobileMedia/core/manager/Preferences.java,73,75,
getTotalAudio,/home/thiago/ProjetosUnb/MMAndroid/src/br/unb/mobileMedia/core/manager/Preferences.java,77,79,
getTotalPlaylist,/home/thiago/ProjetosUnb/MMAndroid/src/br/unb/mobileMedia/core/manager/Preferences.java,82,84,
processFiles,/home/thiago/ProjetosUnb/MMAndroid/src/br/unb/mobileMedia/core/extractor/MediaExtractor.java,19,27,
extractAllAuthors,/home/thiago/ProjetosUnb/MMAndroid/src/br/unb/mobileMedia/core/extractor/MediaExtractor.java,29,29,
extractAllAlbum,/home/thiago/ProjetosUnb/MMAndroid/src/br/unb/mobileMedia/core/extractor/MediaExtractor.java,31,31,
processAudio,/home/thiago/ProjetosUnb/MMAndroid/src/br/unb/mobileMedia/core/extractor/MediaExtractor.java,33,33,
getTitle,/home/thiago/ProjetosUnb/MMAndroid/src/br/unb/mobileMedia/core/extractor/MediaExtractor.java,35,35,
getAuthor,/home/thiago/ProjetosUnb/MMAndroid/src/br/unb/mobileMedia/core/extractor/MediaExtractor.java,37,37,
getAlbum,/home/thiago/ProjetosUnb/MMAndroid/src/br/unb/mobileMedia/core/extractor/MediaExtractor.java,39,39,
getBitRate,/home/thiago/ProjetosUnb/MMAndroid/src/br/unb/mobileMedia/core/extractor/MediaExtractor.java,41,41,
getGenre,/home/thiago/ProjetosUnb/MMAndroid/src/br/unb/mobileMedia/core/extractor/MediaExtractor.java,43,43,
getAlbumArt,/home/thiago/ProjetosUnb/MMAndroid/src/br/unb/mobileMedia/core/extractor/MediaExtractor.java,45,45,
DefaultVideoExtractor,/home/thiago/ProjetosUnb/MMAndroid/src/br/unb/mobileMedia/core/extractor/DefaultVideoExtractor.java,37,48,
processFiles,/home/thiago/ProjetosUnb/MMAndroid/src/br/unb/mobileMedia/core/extractor/DefaultVideoExtractor.java,50,99,
processAudio,/home/thiago/ProjetosUnb/MMAndroid/src/br/unb/mobileMedia/core/extractor/DefaultVideoExtractor.java,101,104,
getAlbumArt,/home/thiago/ProjetosUnb/MMAndroid/src/br/unb/mobileMedia/core/extractor/DefaultVideoExtractor.java,106,109,
getBitRate,/home/thiago/ProjetosUnb/MMAndroid/src/br/unb/mobileMedia/core/extractor/DefaultVideoExtractor.java,111,114,
getAuthor,/home/thiago/ProjetosUnb/MMAndroid/src/br/unb/mobileMedia/core/extractor/DefaultVideoExtractor.java,116,119,
getAlbum,/home/thiago/ProjetosUnb/MMAndroid/src/br/unb/mobileMedia/core/extractor/DefaultVideoExtractor.java,121,124,
getGenre,/home/thiago/ProjetosUnb/MMAndroid/src/br/unb/mobileMedia/core/extractor/DefaultVideoExtractor.java,126,129,
extractAllAuthors,/home/thiago/ProjetosUnb/MMAndroid/src/br/unb/mobileMedia/core/extractor/DefaultVideoExtractor.java,133,136,
extractAllAlbum,/home/thiago/ProjetosUnb/MMAndroid/src/br/unb/mobileMedia/core/extractor/DefaultVideoExtractor.java,138,141,
getTitle,/home/thiago/ProjetosUnb/MMAndroid/src/br/unb/mobileMedia/core/extractor/DefaultVideoExtractor.java,143,146,
DefaultAudioExtractor,/home/thiago/ProjetosUnb/MMAndroid/src/br/unb/mobileMedia/core/extractor/DefaultAudioExtractor.java,36,47,
processFiles,/home/thiago/ProjetosUnb/MMAndroid/src/br/unb/mobileMedia/core/extractor/DefaultAudioExtractor.java,51,93,
extractAllAuthors,/home/thiago/ProjetosUnb/MMAndroid/src/br/unb/mobileMedia/core/extractor/DefaultAudioExtractor.java,95,118,
extractAllAlbum,/home/thiago/ProjetosUnb/MMAndroid/src/br/unb/mobileMedia/core/extractor/DefaultAudioExtractor.java,120,163,
drawableToBytes,/home/thiago/ProjetosUnb/MMAndroid/src/br/unb/mobileMedia/core/extractor/DefaultAudioExtractor.java,165,176,
bitmapToBytes,/home/thiago/ProjetosUnb/MMAndroid/src/br/unb/mobileMedia/core/extractor/DefaultAudioExtractor.java,178,187,
processAudio,/home/thiago/ProjetosUnb/MMAndroid/src/br/unb/mobileMedia/core/extractor/DefaultAudioExtractor.java,189,228,
getAuthor,/home/thiago/ProjetosUnb/MMAndroid/src/br/unb/mobileMedia/core/extractor/DefaultAudioExtractor.java,230,242,
getAlbum,/home/thiago/ProjetosUnb/MMAndroid/src/br/unb/mobileMedia/core/extractor/DefaultAudioExtractor.java,244,257,
getTitle,/home/thiago/ProjetosUnb/MMAndroid/src/br/unb/mobileMedia/core/extractor/DefaultAudioExtractor.java,260,273,
getGenre,/home/thiago/ProjetosUnb/MMAndroid/src/br/unb/mobileMedia/core/extractor/DefaultAudioExtractor.java,277,289,
getBitRate,/home/thiago/ProjetosUnb/MMAndroid/src/br/unb/mobileMedia/core/extractor/DefaultAudioExtractor.java,292,307,
getAlbumArt,/home/thiago/ProjetosUnb/MMAndroid/src/br/unb/mobileMedia/core/extractor/DefaultAudioExtractor.java,310,322,
ExpandableListFragment,/home/thiago/ProjetosUnb/MMAndroid/src/br/unb/mobileMedia/core/view/ExpandableListFragment.java,62,63,
onCreateView,/home/thiago/ProjetosUnb/MMAndroid/src/br/unb/mobileMedia/core/view/ExpandableListFragment.java,65,106,
onViewCreated,/home/thiago/ProjetosUnb/MMAndroid/src/br/unb/mobileMedia/core/view/ExpandableListFragment.java,108,115,
onDestroyView,/home/thiago/ProjetosUnb/MMAndroid/src/br/unb/mobileMedia/core/view/ExpandableListFragment.java,117,123,
onListItemClick,/home/thiago/ProjetosUnb/MMAndroid/src/br/unb/mobileMedia/core/view/ExpandableListFragment.java,125,136,
setListAdapter,/home/thiago/ProjetosUnb/MMAndroid/src/br/unb/mobileMedia/core/view/ExpandableListFragment.java,138,150,
setSelection,/home/thiago/ProjetosUnb/MMAndroid/src/br/unb/mobileMedia/core/view/ExpandableListFragment.java,152,159,
getSelectedPosition,/home/thiago/ProjetosUnb/MMAndroid/src/br/unb/mobileMedia/core/view/ExpandableListFragment.java,161,164,
getSelectedId,/home/thiago/ProjetosUnb/MMAndroid/src/br/unb/mobileMedia/core/view/ExpandableListFragment.java,166,169,
getExpandableListView,/home/thiago/ProjetosUnb/MMAndroid/src/br/unb/mobileMedia/core/view/ExpandableListFragment.java,171,174,
setEmptyText,/home/thiago/ProjetosUnb/MMAndroid/src/br/unb/mobileMedia/core/view/ExpandableListFragment.java,176,191,
setListShown,/home/thiago/ProjetosUnb/MMAndroid/src/br/unb/mobileMedia/core/view/ExpandableListFragment.java,193,208,
setListShownNoAnimation,/home/thiago/ProjetosUnb/MMAndroid/src/br/unb/mobileMedia/core/view/ExpandableListFragment.java,210,216,
setListShown,/home/thiago/ProjetosUnb/MMAndroid/src/br/unb/mobileMedia/core/view/ExpandableListFragment.java,218,246,
getExpandableListAdapter,/home/thiago/ProjetosUnb/MMAndroid/src/br/unb/mobileMedia/core/view/ExpandableListFragment.java,248,251,
ensureList,/home/thiago/ProjetosUnb/MMAndroid/src/br/unb/mobileMedia/core/view/ExpandableListFragment.java,253,293,
onGroupExpand,/home/thiago/ProjetosUnb/MMAndroid/src/br/unb/mobileMedia/core/view/ExpandableListFragment.java,295,298,
onGroupCollapse,/home/thiago/ProjetosUnb/MMAndroid/src/br/unb/mobileMedia/core/view/ExpandableListFragment.java,300,303,
onChildClick,/home/thiago/ProjetosUnb/MMAndroid/src/br/unb/mobileMedia/core/view/ExpandableListFragment.java,305,308,
onCreateContextMenu,/home/thiago/ProjetosUnb/MMAndroid/src/br/unb/mobileMedia/core/view/ExpandableListFragment.java,310,312,
onContentChanged,/home/thiago/ProjetosUnb/MMAndroid/src/br/unb/mobileMedia/core/view/ExpandableListFragment.java,314,332,
onCreate,/home/thiago/ProjetosUnb/MMAndroid/src/br/unb/mobileMedia/core/view/AudioExpandableListFragment.java,33,50,
onViewCreated,/home/thiago/ProjetosUnb/MMAndroid/src/br/unb/mobileMedia/core/view/AudioExpandableListFragment.java,52,104,
createGroupList,/home/thiago/ProjetosUnb/MMAndroid/src/br/unb/mobileMedia/core/view/AudioExpandableListFragment.java,146,165,
createChildList,/home/thiago/ProjetosUnb/MMAndroid/src/br/unb/mobileMedia/core/view/AudioExpandableListFragment.java,168,181,
onCreateOptionsMenu,/home/thiago/ProjetosUnb/MMAndroid/src/br/unb/mobileMedia/core/view/AudioExpandableListFragment.java,183,186,
groupByAlbum,/home/thiago/ProjetosUnb/MMAndroid/src/br/unb/mobileMedia/core/view/AudioExpandableListFragment.java,192,205,
AuthorArrayAdapter,/home/thiago/ProjetosUnb/MMAndroid/src/br/unb/mobileMedia/core/view/AuthorArrayAdapter.java,30,41,
getAlbumsAuthor,/home/thiago/ProjetosUnb/MMAndroid/src/br/unb/mobileMedia/core/view/AuthorArrayAdapter.java,45,47,
getView,/home/thiago/ProjetosUnb/MMAndroid/src/br/unb/mobileMedia/core/view/AuthorArrayAdapter.java,50,87,
bitmapToBytes,/home/thiago/ProjetosUnb/MMAndroid/src/br/unb/mobileMedia/core/view/AuthorArrayAdapter.java,98,109,
decodeSampledBitmapFromResource,/home/thiago/ProjetosUnb/MMAndroid/src/br/unb/mobileMedia/core/view/AuthorArrayAdapter.java,112,128,
calculateInSampleSize,/home/thiago/ProjetosUnb/MMAndroid/src/br/unb/mobileMedia/core/view/AuthorArrayAdapter.java,132,155,
milliSecondsToTimer,/home/thiago/ProjetosUnb/MMAndroid/src/br/unb/mobileMedia/core/view/Utilities.java,5,33,
getProgressPercentage,/home/thiago/ProjetosUnb/MMAndroid/src/br/unb/mobileMedia/core/view/Utilities.java,35,51,
progressToTimer,/home/thiago/ProjetosUnb/MMAndroid/src/br/unb/mobileMedia/core/view/Utilities.java,53,66,
onCreate,/home/thiago/ProjetosUnb/MMAndroid/src/br/unb/mobileMedia/core/view/ShareListFragment.java,22,25,
onCreateView,/home/thiago/ProjetosUnb/MMAndroid/src/br/unb/mobileMedia/core/view/ShareListFragment.java,27,32,
onActivityCreated,/home/thiago/ProjetosUnb/MMAndroid/src/br/unb/mobileMedia/core/view/ShareListFragment.java,34,39,
configureUI,/home/thiago/ProjetosUnb/MMAndroid/src/br/unb/mobileMedia/core/view/ShareListFragment.java,41,81,
configAdapter,/home/thiago/ProjetosUnb/MMAndroid/src/br/unb/mobileMedia/core/view/ShareListFragment.java,84,92,
ResponseListener,/home/thiago/ProjetosUnb/MMAndroid/src/br/unb/mobileMedia/core/view/ShareListFragment.java,99,102,
onCancel,/home/thiago/ProjetosUnb/MMAndroid/src/br/unb/mobileMedia/core/view/ShareListFragment.java,104,107,
onComplete,/home/thiago/ProjetosUnb/MMAndroid/src/br/unb/mobileMedia/core/view/ShareListFragment.java,109,111,
onError,/home/thiago/ProjetosUnb/MMAndroid/src/br/unb/mobileMedia/core/view/ShareListFragment.java,113,116,
onBack,/home/thiago/ProjetosUnb/MMAndroid/src/br/unb/mobileMedia/core/view/ShareListFragment.java,118,121,
onCreate,/home/thiago/ProjetosUnb/MMAndroid/src/br/unb/mobileMedia/core/view/AuthorListFragment.java,24,47,
onListItemClick,/home/thiago/ProjetosUnb/MMAndroid/src/br/unb/mobileMedia/core/view/AuthorListFragment.java,57,79,
onCreate,/home/thiago/ProjetosUnb/MMAndroid/src/br/unb/mobileMedia/core/view/AudioSelectFragment.java,46,56,
onViewCreated,/home/thiago/ProjetosUnb/MMAndroid/src/br/unb/mobileMedia/core/view/AudioSelectFragment.java,58,68,
onChooseMore,/home/thiago/ProjetosUnb/MMAndroid/src/br/unb/mobileMedia/core/view/AudioSelectFragment.java,70,79,
onActivityCreated,/home/thiago/ProjetosUnb/MMAndroid/src/br/unb/mobileMedia/core/view/AudioSelectFragment.java,81,94,
refreshListMusicLists,/home/thiago/ProjetosUnb/MMAndroid/src/br/unb/mobileMedia/core/view/AudioSelectFragment.java,97,192,
onLoadMore,/home/thiago/ProjetosUnb/MMAndroid/src/br/unb/mobileMedia/core/view/AudioSelectFragment.java,101,105,
onCreateActionMode,/home/thiago/ProjetosUnb/MMAndroid/src/br/unb/mobileMedia/core/view/AudioSelectFragment.java,112,128,
onPrepareActionMode,/home/thiago/ProjetosUnb/MMAndroid/src/br/unb/mobileMedia/core/view/AudioSelectFragment.java,130,133,
onActionItemClicked,/home/thiago/ProjetosUnb/MMAndroid/src/br/unb/mobileMedia/core/view/AudioSelectFragment.java,135,149,
onDestroyActionMode,/home/thiago/ProjetosUnb/MMAndroid/src/br/unb/mobileMedia/core/view/AudioSelectFragment.java,151,153,
onItemCheckedStateChanged,/home/thiago/ProjetosUnb/MMAndroid/src/br/unb/mobileMedia/core/view/AudioSelectFragment.java,155,166,
saveItems,/home/thiago/ProjetosUnb/MMAndroid/src/br/unb/mobileMedia/core/view/AudioSelectFragment.java,198,230,
loadMore,/home/thiago/ProjetosUnb/MMAndroid/src/br/unb/mobileMedia/core/view/AudioSelectFragment.java,234,266,
doInBackground,/home/thiago/ProjetosUnb/MMAndroid/src/br/unb/mobileMedia/core/view/AudioSelectFragment.java,238,252,
onPostExecute,/home/thiago/ProjetosUnb/MMAndroid/src/br/unb/mobileMedia/core/view/AudioSelectFragment.java,254,263,
audioViewItem,/home/thiago/ProjetosUnb/MMAndroid/src/br/unb/mobileMedia/core/view/AudioSelectFragment.java,268,290,
onCreate,/home/thiago/ProjetosUnb/MMAndroid/src/br/unb/mobileMedia/core/view/AlbumListFragment.java,24,47,
onListItemClick,/home/thiago/ProjetosUnb/MMAndroid/src/br/unb/mobileMedia/core/view/AlbumListFragment.java,55,75,
AlbumArrayAdapter,/home/thiago/ProjetosUnb/MMAndroid/src/br/unb/mobileMedia/core/view/AlbumArrayAdapter.java,27,41,
getView,/home/thiago/ProjetosUnb/MMAndroid/src/br/unb/mobileMedia/core/view/AlbumArrayAdapter.java,45,78,
onCreate,/home/thiago/ProjetosUnb/MMAndroid/src/br/unb/mobileMedia/core/view/AudioPlayerFragment.java,55,62,
onSaveInstanceState,/home/thiago/ProjetosUnb/MMAndroid/src/br/unb/mobileMedia/core/view/AudioPlayerFragment.java,65,70,
onRestoreInstanceState,/home/thiago/ProjetosUnb/MMAndroid/src/br/unb/mobileMedia/core/view/AudioPlayerFragment.java,73,78,
onCreateView,/home/thiago/ProjetosUnb/MMAndroid/src/br/unb/mobileMedia/core/view/AudioPlayerFragment.java,81,120,
onActivityCreated,/home/thiago/ProjetosUnb/MMAndroid/src/br/unb/mobileMedia/core/view/AudioPlayerFragment.java,122,128,
createUI,/home/thiago/ProjetosUnb/MMAndroid/src/br/unb/mobileMedia/core/view/AudioPlayerFragment.java,130,217,
onClick,/home/thiago/ProjetosUnb/MMAndroid/src/br/unb/mobileMedia/core/view/AudioPlayerFragment.java,159,166,
onClick,/home/thiago/ProjetosUnb/MMAndroid/src/br/unb/mobileMedia/core/view/AudioPlayerFragment.java,170,172,
onClick,/home/thiago/ProjetosUnb/MMAndroid/src/br/unb/mobileMedia/core/view/AudioPlayerFragment.java,176,178,
onClick,/home/thiago/ProjetosUnb/MMAndroid/src/br/unb/mobileMedia/core/view/AudioPlayerFragment.java,185,197,
onClick,/home/thiago/ProjetosUnb/MMAndroid/src/br/unb/mobileMedia/core/view/AudioPlayerFragment.java,203,213,
updateProgressBar,/home/thiago/ProjetosUnb/MMAndroid/src/br/unb/mobileMedia/core/view/AudioPlayerFragment.java,221,223,
onProgressChanged,/home/thiago/ProjetosUnb/MMAndroid/src/br/unb/mobileMedia/core/view/AudioPlayerFragment.java,251,253,
onStartTrackingTouch,/home/thiago/ProjetosUnb/MMAndroid/src/br/unb/mobileMedia/core/view/AudioPlayerFragment.java,255,257,
onStopTrackingTouch,/home/thiago/ProjetosUnb/MMAndroid/src/br/unb/mobileMedia/core/view/AudioPlayerFragment.java,259,267,
initAudioList,/home/thiago/ProjetosUnb/MMAndroid/src/br/unb/mobileMedia/core/view/AudioPlayerFragment.java,270,295,
updateAudioListView,/home/thiago/ProjetosUnb/MMAndroid/src/br/unb/mobileMedia/core/view/AudioPlayerFragment.java,298,307,
onCreateOptionsMenu,/home/thiago/ProjetosUnb/MMAndroid/src/br/unb/mobileMedia/core/view/AudioPlayerFragment.java,309,313,
addMusic,/home/thiago/ProjetosUnb/MMAndroid/src/br/unb/mobileMedia/core/view/AudioPlayerFragment.java,315,322,
onDestroy,/home/thiago/ProjetosUnb/MMAndroid/src/br/unb/mobileMedia/core/view/AudioPlayerFragment.java,326,333,
AudioPlayerArrayAdapter,/home/thiago/ProjetosUnb/MMAndroid/src/br/unb/mobileMedia/core/view/AudioPlayerArrayAdapter.java,20,28,
getView,/home/thiago/ProjetosUnb/MMAndroid/src/br/unb/mobileMedia/core/view/AudioPlayerArrayAdapter.java,30,39,
PlaylistMedia,/home/thiago/ProjetosUnb/MMAndroid/src/br/unb/mobileMedia/core/domain/PlaylistMedia.java,9,10,
PlaylistMedia,/home/thiago/ProjetosUnb/MMAndroid/src/br/unb/mobileMedia/core/domain/PlaylistMedia.java,12,14,
PlaylistMedia,/home/thiago/ProjetosUnb/MMAndroid/src/br/unb/mobileMedia/core/domain/PlaylistMedia.java,16,20,
getId,/home/thiago/ProjetosUnb/MMAndroid/src/br/unb/mobileMedia/core/domain/PlaylistMedia.java,22,24,
setId,/home/thiago/ProjetosUnb/MMAndroid/src/br/unb/mobileMedia/core/domain/PlaylistMedia.java,26,28,
getFK_Media_Id,/home/thiago/ProjetosUnb/MMAndroid/src/br/unb/mobileMedia/core/domain/PlaylistMedia.java,30,32,
setFK_Media_Id,/home/thiago/ProjetosUnb/MMAndroid/src/br/unb/mobileMedia/core/domain/PlaylistMedia.java,34,36,
getFK_PlaylistId,/home/thiago/ProjetosUnb/MMAndroid/src/br/unb/mobileMedia/core/domain/PlaylistMedia.java,38,40,
setFK_PlaylistId,/home/thiago/ProjetosUnb/MMAndroid/src/br/unb/mobileMedia/core/domain/PlaylistMedia.java,42,44,
MultimediaContent,/home/thiago/ProjetosUnb/MMAndroid/src/br/unb/mobileMedia/core/domain/MultimediaContent.java,18,22,
MultimediaContent,/home/thiago/ProjetosUnb/MMAndroid/src/br/unb/mobileMedia/core/domain/MultimediaContent.java,24,27,
getId,/home/thiago/ProjetosUnb/MMAndroid/src/br/unb/mobileMedia/core/domain/MultimediaContent.java,29,31,
setId,/home/thiago/ProjetosUnb/MMAndroid/src/br/unb/mobileMedia/core/domain/MultimediaContent.java,33,35,
getTitle,/home/thiago/ProjetosUnb/MMAndroid/src/br/unb/mobileMedia/core/domain/MultimediaContent.java,37,39,
setTitle,/home/thiago/ProjetosUnb/MMAndroid/src/br/unb/mobileMedia/core/domain/MultimediaContent.java,41,43,
getURI,/home/thiago/ProjetosUnb/MMAndroid/src/br/unb/mobileMedia/core/domain/MultimediaContent.java,45,47,
setURL,/home/thiago/ProjetosUnb/MMAndroid/src/br/unb/mobileMedia/core/domain/MultimediaContent.java,49,51,
getPrimaryKey,/home/thiago/ProjetosUnb/MMAndroid/src/br/unb/mobileMedia/core/domain/MultimediaContent.java,53,55,
setKey,/home/thiago/ProjetosUnb/MMAndroid/src/br/unb/mobileMedia/core/domain/MultimediaContent.java,57,59,
Playlist,/home/thiago/ProjetosUnb/MMAndroid/src/br/unb/mobileMedia/core/domain/Playlist.java,7,8,
Playlist,/home/thiago/ProjetosUnb/MMAndroid/src/br/unb/mobileMedia/core/domain/Playlist.java,10,12,
Playlist,/home/thiago/ProjetosUnb/MMAndroid/src/br/unb/mobileMedia/core/domain/Playlist.java,14,17,
getId,/home/thiago/ProjetosUnb/MMAndroid/src/br/unb/mobileMedia/core/domain/Playlist.java,19,21,
setId,/home/thiago/ProjetosUnb/MMAndroid/src/br/unb/mobileMedia/core/domain/Playlist.java,23,25,
getName,/home/thiago/ProjetosUnb/MMAndroid/src/br/unb/mobileMedia/core/domain/Playlist.java,27,29,
setName,/home/thiago/ProjetosUnb/MMAndroid/src/br/unb/mobileMedia/core/domain/Playlist.java,31,33,
Audio,/home/thiago/ProjetosUnb/MMAndroid/src/br/unb/mobileMedia/core/domain/Audio.java,9,10,
Audio,/home/thiago/ProjetosUnb/MMAndroid/src/br/unb/mobileMedia/core/domain/Audio.java,12,14,
Audio,/home/thiago/ProjetosUnb/MMAndroid/src/br/unb/mobileMedia/core/domain/Audio.java,16,20,
getId,/home/thiago/ProjetosUnb/MMAndroid/src/br/unb/mobileMedia/core/domain/Audio.java,22,24,
setId,/home/thiago/ProjetosUnb/MMAndroid/src/br/unb/mobileMedia/core/domain/Audio.java,26,28,
getUrl,/home/thiago/ProjetosUnb/MMAndroid/src/br/unb/mobileMedia/core/domain/Audio.java,32,34,
setUrl,/home/thiago/ProjetosUnb/MMAndroid/src/br/unb/mobileMedia/core/domain/Audio.java,36,38,
getAlbumId,/home/thiago/ProjetosUnb/MMAndroid/src/br/unb/mobileMedia/core/domain/Audio.java,40,42,
setAlbumId,/home/thiago/ProjetosUnb/MMAndroid/src/br/unb/mobileMedia/core/domain/Audio.java,44,46,
History,/home/thiago/ProjetosUnb/MMAndroid/src/br/unb/mobileMedia/core/domain/History.java,10,11,
History,/home/thiago/ProjetosUnb/MMAndroid/src/br/unb/mobileMedia/core/domain/History.java,13,15,
History,/home/thiago/ProjetosUnb/MMAndroid/src/br/unb/mobileMedia/core/domain/History.java,17,21,
getId,/home/thiago/ProjetosUnb/MMAndroid/src/br/unb/mobileMedia/core/domain/History.java,23,25,
setId,/home/thiago/ProjetosUnb/MMAndroid/src/br/unb/mobileMedia/core/domain/History.java,27,29,
getAudioHistoryId,/home/thiago/ProjetosUnb/MMAndroid/src/br/unb/mobileMedia/core/domain/History.java,31,33,
setAudioHistoryId,/home/thiago/ProjetosUnb/MMAndroid/src/br/unb/mobileMedia/core/domain/History.java,35,37,
getVideoHistoryId,/home/thiago/ProjetosUnb/MMAndroid/src/br/unb/mobileMedia/core/domain/History.java,39,41,
setVideoHistoryId,/home/thiago/ProjetosUnb/MMAndroid/src/br/unb/mobileMedia/core/domain/History.java,43,45,
Video,/home/thiago/ProjetosUnb/MMAndroid/src/br/unb/mobileMedia/core/domain/Video.java,9,10,
Video,/home/thiago/ProjetosUnb/MMAndroid/src/br/unb/mobileMedia/core/domain/Video.java,12,14,
Video,/home/thiago/ProjetosUnb/MMAndroid/src/br/unb/mobileMedia/core/domain/Video.java,16,20,
getId,/home/thiago/ProjetosUnb/MMAndroid/src/br/unb/mobileMedia/core/domain/Video.java,22,24,
setId,/home/thiago/ProjetosUnb/MMAndroid/src/br/unb/mobileMedia/core/domain/Video.java,26,28,
getTitle,/home/thiago/ProjetosUnb/MMAndroid/src/br/unb/mobileMedia/core/domain/Video.java,30,32,
setTitle,/home/thiago/ProjetosUnb/MMAndroid/src/br/unb/mobileMedia/core/domain/Video.java,34,36,
getUrl,/home/thiago/ProjetosUnb/MMAndroid/src/br/unb/mobileMedia/core/domain/Video.java,38,40,
setUrl,/home/thiago/ProjetosUnb/MMAndroid/src/br/unb/mobileMedia/core/domain/Video.java,42,44,
Author,/home/thiago/ProjetosUnb/MMAndroid/src/br/unb/mobileMedia/core/domain/Author.java,8,9,
Author,/home/thiago/ProjetosUnb/MMAndroid/src/br/unb/mobileMedia/core/domain/Author.java,11,13,
Author,/home/thiago/ProjetosUnb/MMAndroid/src/br/unb/mobileMedia/core/domain/Author.java,15,18,
getId,/home/thiago/ProjetosUnb/MMAndroid/src/br/unb/mobileMedia/core/domain/Author.java,20,22,
setId,/home/thiago/ProjetosUnb/MMAndroid/src/br/unb/mobileMedia/core/domain/Author.java,24,26,
getName,/home/thiago/ProjetosUnb/MMAndroid/src/br/unb/mobileMedia/core/domain/Author.java,28,30,
setName,/home/thiago/ProjetosUnb/MMAndroid/src/br/unb/mobileMedia/core/domain/Author.java,32,34,
Album,/home/thiago/ProjetosUnb/MMAndroid/src/br/unb/mobileMedia/core/domain/Album.java,12,13,
Album,/home/thiago/ProjetosUnb/MMAndroid/src/br/unb/mobileMedia/core/domain/Album.java,15,17,
Album,/home/thiago/ProjetosUnb/MMAndroid/src/br/unb/mobileMedia/core/domain/Album.java,19,24,
getId,/home/thiago/ProjetosUnb/MMAndroid/src/br/unb/mobileMedia/core/domain/Album.java,26,28,
setId,/home/thiago/ProjetosUnb/MMAndroid/src/br/unb/mobileMedia/core/domain/Album.java,30,32,
getName,/home/thiago/ProjetosUnb/MMAndroid/src/br/unb/mobileMedia/core/domain/Album.java,34,36,
setName,/home/thiago/ProjetosUnb/MMAndroid/src/br/unb/mobileMedia/core/domain/Album.java,38,40,
getImage,/home/thiago/ProjetosUnb/MMAndroid/src/br/unb/mobileMedia/core/domain/Album.java,42,44,
setImage,/home/thiago/ProjetosUnb/MMAndroid/src/br/unb/mobileMedia/core/domain/Album.java,46,48,
getAuthorId,/home/thiago/ProjetosUnb/MMAndroid/src/br/unb/mobileMedia/core/domain/Album.java,50,52,
setAuthorId,/home/thiago/ProjetosUnb/MMAndroid/src/br/unb/mobileMedia/core/domain/Album.java,54,56,
onCreateView,/home/thiago/ProjetosUnb/MMAndroid/src/br/unb/mobileMedia/MenuFragment.java,16,32,
onAttach,/home/thiago/ProjetosUnb/MMAndroid/src/br/unb/mobileMedia/MenuFragment.java,34,43,
onClick,/home/thiago/ProjetosUnb/MMAndroid/src/br/unb/mobileMedia/MenuFragment.java,47,50,
onCreate,/home/thiago/ProjetosUnb/MMAndroid/src/br/unb/mobileMedia/MMUnBActivity.java,48,100,
onDrawerOpened,/home/thiago/ProjetosUnb/MMAndroid/src/br/unb/mobileMedia/MMUnBActivity.java,86,90,
onPostCreate,/home/thiago/ProjetosUnb/MMAndroid/src/br/unb/mobileMedia/MMUnBActivity.java,102,113,
update,/home/thiago/ProjetosUnb/MMAndroid/src/br/unb/mobileMedia/MMUnBActivity.java,115,132,
run,/home/thiago/ProjetosUnb/MMAndroid/src/br/unb/mobileMedia/MMUnBActivity.java,127,129,
createNavDrawer,/home/thiago/ProjetosUnb/MMAndroid/src/br/unb/mobileMedia/MMUnBActivity.java,134,146,
onItemClick,/home/thiago/ProjetosUnb/MMAndroid/src/br/unb/mobileMedia/MMUnBActivity.java,151,155,
onCreateOptionsMenu,/home/thiago/ProjetosUnb/MMAndroid/src/br/unb/mobileMedia/MMUnBActivity.java,158,163,
onOptionsItemSelected,/home/thiago/ProjetosUnb/MMAndroid/src/br/unb/mobileMedia/MMUnBActivity.java,165,186,
onPrepareOptionsMenu,/home/thiago/ProjetosUnb/MMAndroid/src/br/unb/mobileMedia/MMUnBActivity.java,191,197,
displayView,/home/thiago/ProjetosUnb/MMAndroid/src/br/unb/mobileMedia/MMUnBActivity.java,199,234,
exit,/home/thiago/ProjetosUnb/MMAndroid/src/br/unb/mobileMedia/MMUnBActivity.java,236,246,
SyncAudios,/home/thiago/ProjetosUnb/MMAndroid/src/br/unb/mobileMedia/MMUnBActivity.java,252,254,
doInBackground,/home/thiago/ProjetosUnb/MMAndroid/src/br/unb/mobileMedia/MMUnBActivity.java,256,265,
onPostExecute,/home/thiago/ProjetosUnb/MMAndroid/src/br/unb/mobileMedia/MMUnBActivity.java,267,274,
NavDrawerItem,/home/thiago/ProjetosUnb/MMAndroid/src/br/unb/mobileMedia/NavDrawerItem.java,11,11,
NavDrawerItem,/home/thiago/ProjetosUnb/MMAndroid/src/br/unb/mobileMedia/NavDrawerItem.java,13,16,
NavDrawerItem,/home/thiago/ProjetosUnb/MMAndroid/src/br/unb/mobileMedia/NavDrawerItem.java,18,23,
getTitle,/home/thiago/ProjetosUnb/MMAndroid/src/br/unb/mobileMedia/NavDrawerItem.java,25,27,
getIcon,/home/thiago/ProjetosUnb/MMAndroid/src/br/unb/mobileMedia/NavDrawerItem.java,29,31,
getCount,/home/thiago/ProjetosUnb/MMAndroid/src/br/unb/mobileMedia/NavDrawerItem.java,33,35,
getCounterVisibility,/home/thiago/ProjetosUnb/MMAndroid/src/br/unb/mobileMedia/NavDrawerItem.java,37,39,
setTitle,/home/thiago/ProjetosUnb/MMAndroid/src/br/unb/mobileMedia/NavDrawerItem.java,41,43,
setIcon,/home/thiago/ProjetosUnb/MMAndroid/src/br/unb/mobileMedia/NavDrawerItem.java,45,47,
setCount,/home/thiago/ProjetosUnb/MMAndroid/src/br/unb/mobileMedia/NavDrawerItem.java,49,51,
setCounterVisibility,/home/thiago/ProjetosUnb/MMAndroid/src/br/unb/mobileMedia/NavDrawerItem.java,53,55,
onCreate,/home/thiago/ProjetosUnb/MMAndroid/src/br/unb/mobileMedia/playlist/MainPlaylistListFragment.java,52,62,
onActivityCreated,/home/thiago/ProjetosUnb/MMAndroid/src/br/unb/mobileMedia/playlist/MainPlaylistListFragment.java,64,71,
onCreateView,/home/thiago/ProjetosUnb/MMAndroid/src/br/unb/mobileMedia/playlist/MainPlaylistListFragment.java,73,84,
configureUI,/home/thiago/ProjetosUnb/MMAndroid/src/br/unb/mobileMedia/playlist/MainPlaylistListFragment.java,86,88,
refreshListPlayLists,/home/thiago/ProjetosUnb/MMAndroid/src/br/unb/mobileMedia/playlist/MainPlaylistListFragment.java,90,136,
onCreateOptionsMenu,/home/thiago/ProjetosUnb/MMAndroid/src/br/unb/mobileMedia/playlist/MainPlaylistListFragment.java,138,142,
onOptionsItemSelected,/home/thiago/ProjetosUnb/MMAndroid/src/br/unb/mobileMedia/playlist/MainPlaylistListFragment.java,144,158,
createPlayList,/home/thiago/ProjetosUnb/MMAndroid/src/br/unb/mobileMedia/playlist/MainPlaylistListFragment.java,160,192,
onClick,/home/thiago/ProjetosUnb/MMAndroid/src/br/unb/mobileMedia/playlist/MainPlaylistListFragment.java,170,182,
onClick,/home/thiago/ProjetosUnb/MMAndroid/src/br/unb/mobileMedia/playlist/MainPlaylistListFragment.java,187,189,
onCreateContextMenu,/home/thiago/ProjetosUnb/MMAndroid/src/br/unb/mobileMedia/playlist/MainPlaylistListFragment.java,194,199,
onContextItemSelected,/home/thiago/ProjetosUnb/MMAndroid/src/br/unb/mobileMedia/playlist/MainPlaylistListFragment.java,201,231,
managaerPlaylist,/home/thiago/ProjetosUnb/MMAndroid/src/br/unb/mobileMedia/playlist/MainPlaylistListFragment.java,238,268,
addPositionFromPlaylist,/home/thiago/ProjetosUnb/MMAndroid/src/br/unb/mobileMedia/playlist/MainPlaylistListFragment.java,270,272,
execPlaylist,/home/thiago/ProjetosUnb/MMAndroid/src/br/unb/mobileMedia/playlist/MainPlaylistListFragment.java,274,315,
editPlaylist,/home/thiago/ProjetosUnb/MMAndroid/src/br/unb/mobileMedia/playlist/MainPlaylistListFragment.java,317,359,
onClick,/home/thiago/ProjetosUnb/MMAndroid/src/br/unb/mobileMedia/playlist/MainPlaylistListFragment.java,338,355,
deletePlaylist,/home/thiago/ProjetosUnb/MMAndroid/src/br/unb/mobileMedia/playlist/MainPlaylistListFragment.java,362,383,
addMusic,/home/thiago/ProjetosUnb/MMAndroid/src/br/unb/mobileMedia/playlist/PlayListManager.java,6,6,
onCreate,/home/thiago/ProjetosUnb/MMAndroid/src/br/unb/mobileMedia/playlist/PlayListEditorFragment.java,54,64,
onViewCreated,/home/thiago/ProjetosUnb/MMAndroid/src/br/unb/mobileMedia/playlist/PlayListEditorFragment.java,68,72,
onCreateView,/home/thiago/ProjetosUnb/MMAndroid/src/br/unb/mobileMedia/playlist/PlayListEditorFragment.java,74,83,
onActivityCreated,/home/thiago/ProjetosUnb/MMAndroid/src/br/unb/mobileMedia/playlist/PlayListEditorFragment.java,85,118,
configureUI,/home/thiago/ProjetosUnb/MMAndroid/src/br/unb/mobileMedia/playlist/PlayListEditorFragment.java,120,122,
refreshlist,/home/thiago/ProjetosUnb/MMAndroid/src/br/unb/mobileMedia/playlist/PlayListEditorFragment.java,124,162,
onCreateOptionsMenu,/home/thiago/ProjetosUnb/MMAndroid/src/br/unb/mobileMedia/playlist/PlayListEditorFragment.java,164,168,
onOptionsItemSelected,/home/thiago/ProjetosUnb/MMAndroid/src/br/unb/mobileMedia/playlist/PlayListEditorFragment.java,170,184,
addMusicInPlayList,/home/thiago/ProjetosUnb/MMAndroid/src/br/unb/mobileMedia/playlist/PlayListEditorFragment.java,186,205,
executePlayList,/home/thiago/ProjetosUnb/MMAndroid/src/br/unb/mobileMedia/playlist/PlayListEditorFragment.java,207,232,
onActivityResult,/home/thiago/ProjetosUnb/MMAndroid/src/br/unb/mobileMedia/playlist/PlayListEditorFragment.java,235,239,
loadMore,/home/thiago/ProjetosUnb/MMAndroid/src/br/unb/mobileMedia/playlist/PlayListEditorFragment.java,241,288,
doInBackground,/home/thiago/ProjetosUnb/MMAndroid/src/br/unb/mobileMedia/playlist/PlayListEditorFragment.java,248,269,
onPostExecute,/home/thiago/ProjetosUnb/MMAndroid/src/br/unb/mobileMedia/playlist/PlayListEditorFragment.java,271,286,
onChooseMore,/home/thiago/ProjetosUnb/MMAndroid/src/br/unb/mobileMedia/playlist/PlayListEditorFragment.java,290,301,
removeItems,/home/thiago/ProjetosUnb/MMAndroid/src/br/unb/mobileMedia/playlist/PlayListEditorFragment.java,303,321,
saveItems,/home/thiago/ProjetosUnb/MMAndroid/src/br/unb/mobileMedia/playlist/PlayListEditorFragment.java,323,326,
onCreate,/home/thiago/ProjetosUnb/MMAndroid/src/br/unb/mobileMedia/playlist/MusicSelectFragment.java,45,54,
onActivityCreated,/home/thiago/ProjetosUnb/MMAndroid/src/br/unb/mobileMedia/playlist/MusicSelectFragment.java,56,82,
onViewCreated,/home/thiago/ProjetosUnb/MMAndroid/src/br/unb/mobileMedia/playlist/MusicSelectFragment.java,84,94,
onChooseMore,/home/thiago/ProjetosUnb/MMAndroid/src/br/unb/mobileMedia/playlist/MusicSelectFragment.java,97,106,
configureUI,/home/thiago/ProjetosUnb/MMAndroid/src/br/unb/mobileMedia/playlist/MusicSelectFragment.java,112,164,
onLoadMore,/home/thiago/ProjetosUnb/MMAndroid/src/br/unb/mobileMedia/playlist/MusicSelectFragment.java,116,120,
onCreateActionMode,/home/thiago/ProjetosUnb/MMAndroid/src/br/unb/mobileMedia/playlist/MusicSelectFragment.java,126,129,
onPrepareActionMode,/home/thiago/ProjetosUnb/MMAndroid/src/br/unb/mobileMedia/playlist/MusicSelectFragment.java,131,134,
onActionItemClicked,/home/thiago/ProjetosUnb/MMAndroid/src/br/unb/mobileMedia/playlist/MusicSelectFragment.java,136,144,
onDestroyActionMode,/home/thiago/ProjetosUnb/MMAndroid/src/br/unb/mobileMedia/playlist/MusicSelectFragment.java,146,148,
onItemCheckedStateChanged,/home/thiago/ProjetosUnb/MMAndroid/src/br/unb/mobileMedia/playlist/MusicSelectFragment.java,150,161,
saveItems,/home/thiago/ProjetosUnb/MMAndroid/src/br/unb/mobileMedia/playlist/MusicSelectFragment.java,170,182,
loadMore,/home/thiago/ProjetosUnb/MMAndroid/src/br/unb/mobileMedia/playlist/MusicSelectFragment.java,186,227,
doInBackground,/home/thiago/ProjetosUnb/MMAndroid/src/br/unb/mobileMedia/playlist/MusicSelectFragment.java,192,210,
onPostExecute,/home/thiago/ProjetosUnb/MMAndroid/src/br/unb/mobileMedia/playlist/MusicSelectFragment.java,214,223,
audioViewItem,/home/thiago/ProjetosUnb/MMAndroid/src/br/unb/mobileMedia/playlist/MusicSelectFragment.java,230,253,
ArrayAdapterPlaylist,/home/thiago/ProjetosUnb/MMAndroid/src/br/unb/mobileMedia/playlist/ArrayAdapterPlaylist.java,25,31,
getView,/home/thiago/ProjetosUnb/MMAndroid/src/br/unb/mobileMedia/playlist/ArrayAdapterPlaylist.java,34,64,
ArrayAdapterAudio,/home/thiago/ProjetosUnb/MMAndroid/src/br/unb/mobileMedia/playlist/ArrayAdapterAudio.java,24,30,
getView,/home/thiago/ProjetosUnb/MMAndroid/src/br/unb/mobileMedia/playlist/ArrayAdapterAudio.java,33,65,
toggleSelection,/home/thiago/ProjetosUnb/MMAndroid/src/br/unb/mobileMedia/playlist/ArrayAdapterAudio.java,76,78,
removeSelection,/home/thiago/ProjetosUnb/MMAndroid/src/br/unb/mobileMedia/playlist/ArrayAdapterAudio.java,80,83,
selectView,/home/thiago/ProjetosUnb/MMAndroid/src/br/unb/mobileMedia/playlist/ArrayAdapterAudio.java,85,91,
getSelectedCount,/home/thiago/ProjetosUnb/MMAndroid/src/br/unb/mobileMedia/playlist/ArrayAdapterAudio.java,93,95,
getSelectedIds,/home/thiago/ProjetosUnb/MMAndroid/src/br/unb/mobileMedia/playlist/ArrayAdapterAudio.java,97,99,
swapItem,/home/thiago/ProjetosUnb/MMAndroid/src/br/unb/mobileMedia/playlist/ArrayAdapterAudio.java,102,105,
AudioViewItem,/home/thiago/ProjetosUnb/MMAndroid/src/br/unb/mobileMedia/playlist/AudioViewItem.java,12,18,
getLongitude,/home/thiago/ProjetosUnb/MMAndroid/src/br/unb/mobileMedia/playlist/StubGPS.java,5,8,
getLatitude,/home/thiago/ProjetosUnb/MMAndroid/src/br/unb/mobileMedia/playlist/StubGPS.java,10,13,
PlaylistViewItem,/home/thiago/ProjetosUnb/MMAndroid/src/br/unb/mobileMedia/playlist/PlaylistViewItem.java,10,14,
