file, method, start, end/home/thiago/git/Projetos/Spring/spring-framework-4.2.0.RC2/spring-context/src/main/java/org/springframework/scripting/bsh/BshScriptEvaluator.java;eval;0;0;
/home/thiago/git/Projetos/Spring/spring-framework-4.2.0.RC2/spring-context/src/main/java/org/springframework/scripting/bsh/BshScriptUtils.java;eval;0;0;
/home/thiago/git/Projetos/Spring/spring-framework-4.2.0.RC2/spring-context/src/main/java/org/springframework/scripting/bsh/BshScriptUtils.java;eval;0;0;
/home/thiago/git/Projetos/Spring/spring-framework-4.2.0.RC2/spring-context/src/main/java/org/springframework/scripting/bsh/BshScriptUtils.java;eval;0;0;
/home/thiago/git/Projetos/Spring/spring-framework-4.2.0.RC2/spring-context/src/main/java/org/springframework/scripting/support/StandardScriptEvaluator.java;eval;0;0;
/home/thiago/git/Projetos/Spring/spring-framework-4.2.0.RC2/spring-context/src/main/java/org/springframework/scripting/support/StandardScriptEvaluator.java;eval;0;0;
/home/thiago/git/Projetos/Spring/spring-framework-4.2.0.RC2/spring-context/src/main/java/org/springframework/scripting/support/StandardScriptEvaluator.java;getEngineByName;0;0;
/home/thiago/git/Projetos/Spring/spring-framework-4.2.0.RC2/spring-context/src/main/java/org/springframework/scripting/support/StandardScriptFactory.java;getEngineByName;0;0;
/home/thiago/git/Projetos/Spring/spring-framework-4.2.0.RC2/spring-context/src/main/java/org/springframework/scripting/support/StandardScriptFactory.java;eval;0;0;
/home/thiago/git/Projetos/Spring/spring-framework-4.2.0.RC2/spring-webmvc/src/main/java/org/springframework/web/servlet/view/script/ScriptTemplateView.java;eval;0;0;
/home/thiago/git/Projetos/Spring/spring-framework-4.2.0.RC2/spring-webmvc/src/main/java/org/springframework/web/servlet/view/script/ScriptTemplateConfigurer.java;eval;0;0;
/home/thiago/git/Projetos/Spring/spring-framework-4.2.0.RC2/spring-webmvc/src/main/java/org/springframework/web/servlet/view/script/ScriptTemplateConfigurer.java;getEngineByName;0;0;
